"cluster.number","Lat","Long","MM","YY","UpAge","LoAge","Ex","Pf","PfPR2.10","Method","EVI","Temperature","Precipitation","Population","ITN","NTL","Urban.Rural","utm_x","utm_y"
1,-4.726384,35.912846,11,2015,4.92,0.83,18,0,0,"RDT",0.34,26.88,633.34,1.61,56.82,0,"R",823.170268768402,9476.90335555208
2,-4.364093,35.852918,11,2015,4.83,0.5,14,0,0,"RDT",0.21,29.28,716.02,0.71,52.48,0,"R",816.674291769692,9517.02693624766
3,-4.903511,35.770286,11,2015,4.92,0.83,13,0,0,"RDT",0.21,27.7,583.94,14.83,57.28,7.84,"U",807.261544527408,9457.36611681859
4,-4.616079,35.799732,11,2015,3.75,0.92,6,0,0,"RDT",0.35,27.79,676.62,0.38,55.56,0,"R",810.659148572028,9489.16229359259
5,-6.692595,36.160461,11,2015,4.67,0.58,20,0,0,"RDT",0.23,27.65,571.35,0.2,62.11,0,"R",849.47322489621,9259.10931243711
6,-6.498862,36.189566,11,2015,4.75,0.67,15,0,0,"RDT",0.16,27.84,616.54,0.67,62.36,0,"R",852.83209598171,9280.53720682071
7,-5.67122,36.401884,11,2015,4.83,0.75,13,0,0,"RDT",0.31,25.75,634.69,0.66,56.25,0,"R",876.922639573468,9372.03252347865
8,-6.354236,36.678791,11,2015,4.75,0.83,5,0,0,"RDT",0.32,25.38,741.9,0.6,56.22,0,"R",907.133995269331,9296.18908191226
9,-5.461963,35.912592,12,2015,4.58,1.17,8,0,0,"RDT",0.22,30.37,617.28,0.13,61.38,0,"R",822.774261403913,9395.48923924362
10,-6.243803,36.220815,12,2015,4.75,0.83,17,0,0,"RDT",0.17,29.7,663.81,0.27,61.05,0,"R",856.468789032855,9308.75424349342
11,-6.404046,35.908923,12,2015,4.42,0.92,9,0,0,"RDT",0.15,30.17,637.79,1.94,64.24,0,"U",821.819633097645,9291.21916961127
12,-6.494254,35.946378,12,2015,4.5,0.67,10,0,0,"RDT",0.18,29.3,733.53,0.86,64.27,0,"R",825.909191363702,9281.21060140415
13,-6.040452,35.686055,10,2015,4.5,0.5,11,0,0,"RDT",0.17,29.33,611.61,0.48,67.11,0,"R",797.349444294126,9331.58991921185
14,-6.249205,35.822029,10,2015,4.92,0.83,9,0,0,"RDT",0.17,28.68,589.83,0.92,66.37,2.49,"R",812.291720674955,9308.40996829968
15,-6.212701,35.757304,10,2015,4.92,0.58,17,0,0,"RDT",0.19,27.83,623.23,2.15,66.4,7.47,"U",805.144729824129,9312.48785322302
16,-6.075857,35.520361,10,2015,4.67,0.83,9,0,0,"RDT",0.21,30.22,599.49,0.37,66.88,0,"U",778.976687634701,9327.76025194723
17,-5.65481,35.666554,12,2015,4.92,0.83,11,0,0,"RDT",0.25,31.01,622.87,0.32,64.71,0,"R",795.391619048064,9374.27557218871
18,-6.125279,35.403209,12,2015,4.33,1.83,11,0,0,"RDT",0.19,31.92,473.84,1.31,65.29,0,"R",765.977169650807,9322.35132919946
19,-5.086653,35.159451,12,2015,4.08,0.58,12,0,0,"RDT",0.25,28.23,614.74,0.14,51.74,0,"R",739.408965389774,9437.35704694604
20,-5.218571,36.162738,11,2015,3.83,1.08,6,0,0,"RDT",0.21,28.02,624.73,3.66,57.45,0,"R",850.660842097902,9422.2941471675
21,-3.287628,36.47002,10,2015,4,0.5,7,0,0,"RDT",0.45,18.09,1107.84,0.61,41.84,0,"U",885.73101731611,9635.94383774529
22,-3.552966,36.099699,10,2015,4.83,2,10,0,0,"RDT",0.19,31.49,544.13,4.01,43.77,0,"R",844.42824731027,9606.70765293574
23,-3.245863,36.987484,8,2015,4.92,2,6,0,0,"RDT",0.34,26.34,1299.96,1.5,44.42,0,"R",943.358218114555,9640.35616056341
24,-3.4541,37.019346,8,2015,4.92,0.58,13,0,0,"RDT",0.17,29.6,647.99,0.39,46.17,0,"R",946.811927648905,9617.26811999191
25,-3.390503,36.788138,8,2015,4.83,0.58,11,0,0,"RDT",0.27,23.26,1016.33,5.26,43.05,8.93,"R",921.098830876868,9624.41896898649
26,-3.356159,36.698634,8,2015,4.83,0.5,6,0,0,"RDT",0.31,23.19,1275.66,52.55,32.61,39.03,"U",911.149811059365,9628.26162066161
27,-3.3992,36.693401,8,2015,4.17,1,8,0,0,"RDT",0.37,26.32,1042.3,31.85,30.44,32.62,"U",910.54915793425,9623.49643491338
28,-3.39475,36.684636,8,2015,4.58,0.58,6,0,0,"RDT",0.3,23.19,1275.66,79.41,30.44,27.87,"U",909.575397328696,9623.99305933545
29,-3.381663,36.672194,8,2015,4.92,0.67,9,0,0,"RDT",0.19,25.17,1219.24,135.49,30.44,35.05,"U",908.195973557496,9625.44786440925
30,-3.375958,36.660075,8,2015,4.17,0.5,7,0,0,"RDT",0.15,25.17,1219.24,123.28,39.57,30.78,"U",906.849387234314,9626.08484738607
31,-3.527971,35.657031,9,2015,4.83,0.58,21,0,0,"RDT",0.26,25.43,569.96,0.47,49.81,0,"R",795.210187992798,9609.62681361692
32,-3.34035,35.703865,9,2015,4.5,0.58,11,0,0,"RDT",0.26,23.88,564.21,2.93,50.69,0,"R",800.476255756343,9630.37341946442
33,-2.055632,35.632994,11,2015,4.75,1.17,10,0,0,"RDT",0.28,24.06,1660.96,1.62,45.66,0,"U",792.902563915725,9772.54838505729
34,-2.13021,35.872748,11,2015,4.58,0.67,20,0,0,"RDT",0.22,29.66,816.36,0.22,44.64,0,"R",819.579952840842,9764.24871164217
35,-3.430883,35.126122,11,2015,4.92,0.75,26,0,0,"RDT",0.23,26.6,606.8,0.06,52.18,0,"R",736.21714408294,9620.51742085669
36,-3.2097,36.631767,9,2015,4.58,0.5,14,0,0,"RDT",0.25,19.9,890.07,2.81,42.01,0,"R",903.765604481647,9644.51076758255
37,-3.351607,36.691844,9,2015,4.92,0.58,7,0,0,"RDT",0.33,23.19,1322.89,33.32,32.61,38.61,"R",910.395873413236,9628.76867470776
38,-3.540701,36.777387,9,2015,4.67,0.5,17,0,0,"RDT",0.16,28.95,680.53,0.72,42.89,0,"R",919.835581117769,9607.78552483273
39,-3.024141,36.291396,10,2015,4.83,1,21,0,0,"RDT",0.09,32.24,458.18,0.24,46.43,0,"R",865.944888203998,9665.18345152391
40,-2.834179,37.258188,10,2015,4.75,0.67,21,0,0,"RDT",0.17,28.19,929.31,1.38,43.43,0,"R",973.691062220176,9685.86392694546
41,-3.177725,37.560375,9,2015,4.5,0.5,10,0,0,"RDT",0.45,17.55,1766.37,0.65,43.66,0,"R",1007.21662934982,9647.64154025549
42,-3.15029,37.634027,9,2015,4.92,1.17,11,0,0,"RDT",0.29,27.78,813.45,3.98,43.05,0,"R",1015.43977424511,9650.64738212701
43,-3.005652,37.559341,9,2015,4.92,1,12,0,0,"RDT",0.35,22.93,987.15,7.72,40.61,1.74,"U",1007.18344749625,9666.72227399257
44,-3.158365,37.633216,9,2015,4.92,0.83,14,0,0,"RDT",0.28,27.78,813.45,3.09,43.05,0,"R",1015.34537657646,9649.75229941465
45,-3.76192,37.670472,9,2015,4.75,0.5,10,0,0,"RDT",0.41,26.15,1075.66,1.41,51.17,0,"R",1019.16841846106,9582.7981475484
46,-4.258557,37.973887,10,2015,4,1,7,0,0,"RDT",0.48,18.72,1498.76,1.44,52.63,0,"R",1052.6427373044,9527.50813777871
47,-4.29655,38.024326,10,2015,4.17,1.17,7,0,0,"RDT",0.39,25.36,1242.54,6.65,52.16,0.65,"U",1058.23357564153,9523.25591223411
48,-4.320998,37.857441,10,2015,3.92,1.42,3,0,0,"RDT",0.3,25.17,560.84,0.36,53.44,0,"R",1039.62921854615,9520.66421306438
49,-4.083534,37.736866,10,2015,4.33,0.5,12,0,0,"RDT",0.19,25.45,837.09,4.81,52.79,0.43,"U",1026.36324080986,9547.08702341831
50,-3.27332,37.533819,8,2015,4.33,0.92,6,0,0,"RDT",0.43,20.55,2030.88,10.45,42.84,6.37,"R",1004.20950947439,9637.05495369793
51,-3.381729,37.538472,8,2015,4.75,0.5,12,0,0,"RDT",0.33,29.12,832.87,7.31,44.86,6.54,"R",1004.67267216203,9625.0320577534
52,-3.319347,37.383764,8,2015,4,0.58,8,0,0,"RDT",0.32,23.92,1446.75,4.77,42.27,7.1,"R",987.466092502884,9632.02694235087
53,-3.460238,37.360586,8,2015,4.67,0.5,9,0,0,"RDT",0.17,28.39,782.03,1.32,46.45,0,"R",984.813321828282,9616.41994206511
54,-3.292164,37.310141,8,2015,4.42,1.25,10,0,0,"RDT",0.39,23.05,1759.83,5.21,44.3,6.43,"R",979.276848707362,9635.07620557182
55,-3.225269,37.252822,9,2015,3.92,0.42,4,0,0,"RDT",0.35,20.3,1915.41,5.13,43.77,5.5,"R",972.922656103898,9642.51822801603
56,-3.256668,37.158339,9,2015,4.33,1.75,3,0,0,"RDT",0.29,25.94,1384.14,4.09,44.25,5.2,"R",962.382948849082,9639.08196667818
57,-3.22771,37.236585,9,2015,4.42,0.58,10,0,0,"RDT",0.42,20.3,1915.41,5.23,44.01,6.3,"R",971.112635643671,9642.25522980038
58,-3.35369,37.353005,8,2015,4.75,1.92,5,0,0,"RDT",0.18,29.65,1398.05,99.79,35.66,14.34,"U",984.0222674744,9628.23505715175
59,-3.362844,37.334489,8,2015,4.17,0.75,6,0,0,"RDT",0.15,29.65,1121.09,20.15,35.66,16.66,"U",981.954975309778,9627.22949482437
60,-3.35645,37.352719,8,2015,4.92,0.5,10,0,0,"RDT",0.23,29.65,1398.05,103.96,35.66,11.79,"U",983.989042127738,9627.92924329465
61,-3.190633,37.11685,9,2015,4.25,0.67,11,0,0,"RDT",0.37,20.92,1574.68,4.65,43.55,0,"R",957.791240507736,9646.41893197504
62,-4.848005,38.481384,12,2015,4.5,0.5,11,0,0,"RDT",0.4,26.34,1486.24,2.46,52.23,0,"R",1108.69530169019,9461.67054569603
63,-4.60157,38.254845,12,2015,4.92,1.5,12,0,0,"RDT",0.33,22.6,883.44,1.72,50.51,0,"R",1083.67419294374,9489.22540144904
64,-4.724061,38.401635,12,2015,4.92,0.67,9,0,0,"RDT",0.33,23.68,1021.55,2.7,50.31,0,"R",1099.92162209355,9475.50321480139
65,-4.769309,38.553848,12,2015,4.67,0.5,20,0,0,"RDT",0.31,26.71,1117,1.1,52.06,0,"R",1116.83843206703,9470.34425178489
66,-5.253311,38.563169,12,2015,4.92,0.58,11,2,18.94,"RDT",0.4,25.42,1535.69,0.55,55.6,0,"R",1117.41954285399,9416.5839991546
68,-5.212218,38.772097,11,2015,4.58,0.5,13,0,0,"RDT",0.43,24.58,1783.7,1.6,57.61,0,"R",1140.72566938408,9420.93789947932
69,-5.123143,38.612201,11,2015,4.92,1.08,18,0,0,"RDT",0.47,21.27,1662.35,0.51,55.95,0,"R",1123.00696276298,9430.99237747288
70,-5.079542,39.097264,12,2015,4.75,0.75,12,0,0,"RDT",0.24,26.98,1586.84,90.22,42.99,36.83,"U",1177.09359657485,9435.34427701469
71,-5.085353,39.114041,12,2015,4.75,0.42,18,0,0,"RDT",0.33,26.98,1818.35,20.33,42.99,19.41,"U",1178.95755525017,9434.68058251958
72,-5.110384,39.108296,12,2015,4.58,0.75,13,0,0,"RDT",0.37,26.7,1857.58,21.01,42.99,10.51,"U",1178.29071258464,9431.90411077983
73,-5.39404,38.976689,11,2015,4.83,1.5,6,0,0,"RDT",0.41,25.49,1802.67,1.16,60.14,0,"R",1163.32109258176,9400.51765438085
74,-5.75617,38.271549,11,2015,4.5,0.5,13,1,8.03,"RDT",0.37,27.63,1164.88,1.17,56.66,0,"R",1084.46731321614,9361.04637996777
75,-5.307198,38.349598,12,2015,4.75,0.5,22,1,4.75,"RDT",0.34,25.58,992.54,0.46,55.17,0,"R",1093.59540377118,9410.80949553424
76,-5.968156,37.209431,11,2015,4.75,0.42,23,4,18.29,"RDT",0.28,27.22,978.61,1.29,50.47,0,"R",966.29566273608,9338.53210745124
77,-5.415753,37.564709,11,2015,4.17,0.67,11,1,9.52,"RDT",0.3,25.59,750.43,1.7,49.42,0,"R",1006.21527574578,9399.4724424406
78,-4.860078,39.091884,10,2015,4.83,0.58,15,0,0,"RDT",0.41,25.19,1444.15,1.97,57.2,0,"R",1176.71948859182,9459.74574739255
81,-5.437552,38.005727,11,2015,4.58,1.25,7,0,0,"RDT",0.31,26.64,905.49,8.07,53.25,3.89,"U",1055.22097972745,9396.66628814184
82,-6.196768,37.118191,12,2015,4.92,0.5,13,0,0,"RDT",0.27,27.39,777.03,0.99,50.91,0,"R",955.977982003236,9313.27302564253
83,-6.954994,37.068893,11,2015,4.92,0.5,16,4,26.11,"RDT",0.31,29.91,913.19,0.31,63.66,0,"R",949.825956530391,9229.28984697473
84,-7.316194,36.754157,12,2015,4.92,1.67,9,2,22.36,"RDT",0.38,24.65,1135.74,0.27,63.43,0,"U",914.654213365614,9189.56495201007
85,-6.940194,36.822107,11,2015,4.83,0.58,18,6,34.71,"RDT",0.41,24.91,1162.74,0.07,63.25,0,"R",922.515534680218,9231.15770228205
86,-7.24574,38.048318,12,2015,4,0.5,9,3,35.39,"RDT",0.33,31.18,841.53,0.05,62.19,0,"R",1057.99925723115,9195.97873942531
87,-7.101532,37.893291,12,2015,4.58,0.75,15,6,41.6,"RDT",0.32,29.77,1028.6,0.14,60.15,0,"R",1040.99355960478,9212.16585708676
88,-7.007108,37.785251,12,2015,4.25,0.92,10,6,61.72,"RDT",0.42,26.51,1152.19,2.89,58.31,0,"R",1029.12906234665,9222.76508593247
89,-7.923026,36.886219,11,2015,4.67,0.92,10,1,10.29,"RDT",0.35,28.57,1490.09,0.7,62.77,0,"R",928.656545713743,9122.20555279161
90,-8.153827,36.689657,11,2015,4.75,0.75,6,0,0,"RDT",0.34,29.15,1481.65,63.69,61.01,2.77,"U",906.715031433938,9096.83698300145
91,-8.262547,36.357891,11,2015,4.83,1.08,7,0,0,"RDT",0.32,27.86,1291.82,0.67,59.01,0,"R",870.000737914706,9085.117522009
92,-9.007751,35.695524,11,2015,4.83,0.92,10,4,41.14,"RDT",0.48,27.29,1350.99,0.15,54.74,0,"R",796.374166130012,9003.19876380847
93,-9.112936,36.710036,11,2015,4.92,1.33,17,12,71.46,"RDT",0.35,27.64,1207.66,0.14,53.78,0,"R",907.930257084201,8990.56793030474
94,-6.844814,37.672139,11,2015,4.83,1.5,7,0,0,"RDT",0.36,28.74,824.43,10.12,59.21,12.04,"U",1016.77163202714,9240.89102479797
95,-6.791463,37.676954,12,2015,3.92,0.42,14,0,0,"RDT",0.29,30.01,987.71,14.52,52.28,18.05,"U",1017.36283444248,9246.80282142405
96,-6.771863,37.741053,12,2015,4.58,0.58,7,0,0,"RDT",0.23,29.67,697.77,1.01,57.53,6.51,"U",1024.49049659583,9248.90756599787
97,-6.811839,37.687302,11,2015,4.5,0.92,10,1,10.29,"RDT",0.27,26.97,987.71,13.8,52.28,17.45,"R",1018.48808224268,9244.53183728235
98,-6.014227,37.532633,11,2015,4.25,1.58,5,2,40.47,"RDT",0.45,20.49,1307.48,0.29,51.72,0,"R",1002.12686186337,9333.1384656281
99,-6.939022,37.613255,12,2015,4.17,0.58,9,1,11.73,"RDT",0.35,23.21,814.2,0.58,57.46,0,"R",1010.14359873112,9230.50678501708
100,-6.014154,37.119496,12,2015,4.17,0.83,18,0,0,"RDT",0.29,26.7,855.33,0.67,49.98,0,"R",956.277755009268,9333.50997494047
101,-6.145564,36.875366,12,2015,4.83,1.75,7,0,0,"RDT",0.18,25.69,712.46,41.69,48.76,3.48,"U",929.09136943788,9319.14911837805
105,-6.090787,38.122393,12,2015,4.25,0.67,11,0,0,"RDT",0.3,29.14,841.7,0.59,57.75,0,"R",1067.54231505143,9324.06233592266
107,-6.73742,38.752972,10,2015,4.58,0.75,9,1,11.56,"RDT",0.4,28.31,1268.77,1.07,71.14,3.9,"U",1136.81865683185,9251.51792754209
108,-6.852292,38.945694,10,2015,4.42,2.33,6,1,16.69,"RDT",0.37,30.02,1014.64,0.17,69.71,0,"R",1158.06849081352,9238.49482951287
119,-6.764315,38.999027,10,2015,4.75,0.5,13,0,0,"RDT",0.32,29.41,1169.36,6.49,66.91,10.87,"U",1164.11427565025,9248.198745813
120,-6.75627,38.897267,10,2015,4.67,1.25,10,0,0,"RDT",0.35,28.71,1233.41,5.3,69.55,8.1,"U",1152.82053403355,9249.23145460719
121,-6.648498,38.781044,12,2015,4.33,0.83,12,2,17.24,"RDT",0.38,27.26,1273.91,0.61,69.18,0,"U",1140.05296431517,9261.36008370065
122,-6.803974,39.249664,9,2015,4.58,1.17,7,0,0,"RDT",0.15,27.92,1301.26,244.28,40.48,59.73,"U",1191.90959954879,9243.43694110102
123,-6.796621,39.240489,9,2015,3.58,1.33,10,0,0,"RDT",0.1,27.92,1301.26,499.15,41.79,59.79,"U",1190.90046054453,9244.26774455758
124,-6.778,39.264881,9,2015,4.92,0.75,7,0,0,"RDT",0.2,27.92,1301.26,114.14,41.17,59.72,"U",1193.63837817352,9246.30315764076
125,-6.812769,39.209655,9,2015,4,1.08,7,0,0,"RDT",0.2,29.78,1309.94,97.08,41.79,58.8,"U",1187.45044139842,9242.51658750606
126,-6.794752,39.22887,9,2015,4.83,0.75,9,0,0,"RDT",0.12,27.92,1301.26,345.76,41.79,59.73,"U",1189.61179315101,9244.49225175937
127,-6.776324,39.064105,9,2015,4.42,1,8,0,0,"RDT",0.3,29.22,1230.56,8.57,63.89,13.51,"U",1171.32821192939,9246.77390017929
128,-6.655681,39.186081,9,2015,4.25,1.25,11,0,0,"RDT",0.24,28.31,1196.46,58.57,60.25,46.57,"U",1185.0526619929,9260.0152390061
129,-6.630457,39.120269,9,2015,2.42,0.67,9,0,0,"RDT",0.33,29.27,1037.32,16.43,62.04,11.32,"U",1177.77195924466,9262.91069746922
130,-6.78031,39.247268,9,2015,4.33,1.92,4,0,0,"RDT",0.13,27.92,1301.26,255.68,41.17,59.81,"U",1191.67737075864,9246.07163586727
131,-6.75856,39.226783,10,2015,3.42,1.5,7,0,0,"RDT",0.31,29.17,1301.26,28.33,40.72,58.72,"U",1189.43165606352,9248.51934304729
132,-6.812689,39.149812,9,2015,4.5,0.83,15,0,0,"RDT",0.26,29.77,1309.94,66.75,62.41,21.65,"U",1180.80042832704,9242.61090454744
133,-6.797611,39.267411,9,2015,3.83,0.92,10,0,0,"RDT",0.22,27.92,1301.26,228.08,40.48,59.73,"U",1193.89128499107,9244.11885044996
134,-6.805139,39.178035,9,2015,2.67,0.83,4,0,0,"RDT",0.29,29.78,1309.94,41.23,57.85,39.59,"U",1183.94742589418,9243.41011209349
135,-6.809555,39.109037,9,2015,4.92,1.08,11,0,0,"RDT",0.25,29.29,1280.48,43.85,63.36,11.52,"U",1176.27409790733,9243.01701122384
136,-6.700249,39.134906,9,2015,4.75,0.5,17,0,0,"RDT",0.31,29.34,1161,7.43,63.32,8.05,"U",1179.30217413193,9255.13184566917
137,-6.869916,39.16743,9,2015,4.92,1.25,10,0,0,"RDT",0.31,29.02,1309.94,46.32,49.71,38.68,"U",1182.6762731386,9236.22362219444
138,-6.837261,39.235568,9,2015,4.58,0.92,7,0,0,"RDT",0.16,27.92,1301.26,332.48,42.68,59.58,"U",1190.2949213843,9239.7560894762
139,-6.826611,39.249123,10,2015,3.08,0.58,4,0,0,"RDT",0.17,27.92,1301.26,214.79,40.48,59.71,"U",1191.81676083642,9240.92066669556
140,-6.843191,39.226626,9,2015,3.17,0.5,8,0,0,"RDT",0.11,29.78,1301.26,283.35,42.68,59.07,"U",1189.29261918592,9239.10966627787
141,-6.832293,39.248254,10,2015,4.42,1.5,8,0,0,"RDT",0.1,27.92,1301.26,255.45,43.23,59.76,"U",1191.71195629624,9240.29013161438
143,-6.84307,39.199228,10,2015,4.83,1.25,10,0,0,"RDT",0.22,29.78,1309.94,76.66,49.71,53.78,"U",1186.24816660185,9239.16261510932
144,-6.907758,39.222257,9,2015,4.67,1.17,17,0,0,"RDT",0.28,28.88,1264.98,50.08,55.69,19.05,"U",1188.71339309519,9231.93700215035
145,-6.839872,39.150381,9,2015,4.25,0.92,6,0,0,"RDT",0.25,29.77,1309.94,31.82,62.13,19.82,"U",1180.82494684922,9239.58811632286
146,-6.954213,39.140101,9,2015,4.42,0.58,10,0,0,"RDT",0.34,28.28,1256.92,2.48,63.76,3.93,"U",1179.51848559679,9226.8915282618
147,-6.831913,39.312439,9,2015,4.92,2.5,5,0,0,"RDT",0.28,26.97,1211.87,66.13,57.84,49.81,"U",1198.84619094863,9240.23898517316
148,-6.902499,39.263836,9,2015,3.58,1.17,7,1,14.67,"RDT",0.16,28.8,1264.98,181.26,49.02,47.83,"U",1193.34123393975,9232.46098472473
149,-6.872038,39.229589,9,2015,4,1.08,11,0,0,"RDT",0.17,27.41,1301.26,215.53,55.69,49.13,"U",1189.58008654989,9235.89794512207
150,-6.91669,39.25116,9,2015,4.5,0.5,11,0,0,"RDT",0.19,28.8,1264.98,157.78,56.14,36.76,"U",1191.91186877734,9230.90161681185
151,-6.851374,39.272923,9,2015,4.75,0.67,9,0,0,"RDT",0.26,27.41,1301.26,154.24,43.23,55.68,"U",1194.42584134661,9238.13259786324
152,-6.847078,39.296038,9,2015,4.67,0.83,7,0,0,"RDT",0.15,26.97,1211.87,34.95,40.48,59.5,"U",1197.00110086665,9238.57656825075
153,-6.856927,39.248254,9,2015,4.58,0.5,12,0,0,"RDT",0.18,27.41,1301.26,177.8,43.23,58.53,"U",1191.67621278806,9237.55103165308
154,-6.900156,39.267638,9,2015,4.58,1.25,10,1,10.15,"RDT",0.17,28.8,1264.98,165.56,49.02,47.83,"U",1193.76716104932,9232.71594125198
155,-6.88323,39.247576,9,2015,4.67,0.67,11,0,0,"RDT",0.19,27.41,1264.98,218.52,49.02,47.72,"U",1191.56256445951,9234.6273417523
156,-6.893012,39.288931,9,2015,4.75,0.5,10,0,0,"RDT",0.28,26.97,1172.9,58.74,61.83,29.3,"U",1196.14387820168,9233.47907836501
157,-6.919549,39.235094,9,2015,4.75,1.25,12,1,8.46,"RDT",0.23,28.8,1264.98,25.8,63.19,23.96,"U",1190.12251744141,9230.60724728257
158,-6.88658,39.226471,9,2015,3.75,1,8,0,0,"RDT",0.28,29.51,1264.98,95.58,55.69,30.26,"U",1189.21247642739,9234.28558398035
164,-9.747111,39.558546,12,2015,4.92,1.58,9,3,33.58,"RDT",0.44,29.51,975.49,0.25,66.75,0,"R",1220.83126914481,8915.54005537599
165,-10.307359,39.299378,12,2015,3.58,1.42,3,0,0,"RDT",0.36,29.72,983.4,0.47,67.45,0,"R",1191.03776479883,8853.78686374308
166,-10.479522,39.585894,12,2015,4.92,0.58,14,6,44.63,"RDT",0.46,27.71,972.19,0.46,69.68,0,"R",1222.19747155247,8833.9948219147
167,-9.953624,39.326629,12,2015,3.83,1.25,5,1,20.46,"RDT",0.33,29.13,1007.57,5.63,68.14,0,"R",1194.80582016629,8893.06416829915
173,-9.33288,38.104003,12,2015,4.58,1.08,15,4,27.22,"RDT",0.33,31.38,852.11,0.02,65.82,0,"R",1061.18737047171,8964.28359530209
175,-10.179502,38.941352,12,2015,3.08,1.58,5,0,0,"RDT",0.31,29.04,930.93,2.64,67.33,0,"U",1151.88842735702,8868.75159362359
176,-10.052307,38.869731,12,2015,4.42,1.17,6,3,50.86,"RDT",0.34,30.7,890.08,0.28,67.24,0,"R",1144.25916356864,8883.02895006207
177,-9.97022,38.954302,12,2015,4.75,1.17,11,3,27.74,"RDT",0.4,29.98,893.51,0.96,67.44,0,"R",1153.7385185462,8891.98297115127
178,-9.915895,39.735485,11,2015,4.25,1.17,7,0,0,"RDT",0.3,29.66,863.28,0.9,67.29,0,"U",1239.98354239554,8896.3706341849
179,-10.101727,39.63005,12,2015,4.83,1.42,8,1,12.63,"RDT",0.42,28.18,877,1.46,69.44,0,"U",1227.93279595619,8875.9283415188
180,-10.592642,40.044964,10,2015,3.08,1.08,8,0,0,"RDT",0.42,27.27,1001.93,0.24,67.08,0,"R",1272.48530870352,8820.29868725159
181,-10.250986,40.003298,10,2015,4.75,1.5,7,0,0,"RDT",0.37,28.15,986.36,3.65,73.13,0,"R",1268.74053287091,8858.4453069407
182,-10.449244,40.317138,10,2015,4.42,0.67,11,3,28.55,"RDT",0.44,29.13,1042.37,1.15,69.5,0,"R",1302.85418951338,8835.58124379949
183,-10.943172,39.25377,11,2015,4.42,0.83,7,1,14.77,"RDT",0.34,28.04,932.8,2.69,53.34,5.32,"U",1184.5871968607,8783.19061386274
184,-10.970124,39.438394,11,2015,3.67,0.58,11,1,9.6,"RDT",0.38,28.96,946.07,0.7,62.38,0,"R",1204.81190685981,8779.76448499917
185,-10.732482,39.337576,11,2015,4.92,1.83,8,0,0,"RDT",0.42,26.62,1048.35,0.97,61.68,0,"R",1194.28543985299,8806.42750567078
186,-10.604165,39.260898,11,2015,3.5,0.58,11,1,9.88,"RDT",0.36,26.96,936.02,1.91,65.52,0,"R",1186.14348645449,8820.86839727038
187,-10.619807,38.690938,11,2015,4.67,0.75,9,1,11.56,"RDT",0.34,30.36,874.24,0.48,66.18,0,"R",1123.44557304193,8820.33812441983
188,-10.452093,39.117106,11,2015,4.83,1,7,1,14.63,"RDT",0.37,29.36,958.73,0.65,66.47,0,"R",1170.65906058606,8838.08860238897
189,-11.022154,39.067048,11,2015,4.5,1.5,9,2,22.41,"RDT",0.35,31.9,920.65,0.15,62.69,0,"R",1163.89664967716,8774.83198460645
190,-10.760342,39.629024,11,2015,4.75,1.25,11,2,18.45,"RDT",0.25,27.6,927.97,18.59,62.82,2.97,"U",1226.2776055297,8802.64913972724
191,-10.809565,39.781629,11,2015,4.75,0.5,15,5,34.81,"RDT",0.42,28.54,919.72,0.78,62.83,0,"R",1242.94771889501,8796.80211136515
192,-10.793675,39.517392,11,2015,4.33,1.42,7,3,43.55,"RDT",0.36,28.34,994.15,0.53,58.27,0,"R",1213.91794484437,8799.20533405204
193,-10.490513,39.51665,11,2015,4.83,1,7,6,87.8,"RDT",0.43,28.09,922.44,0.14,67.7,0,"R",1214.54781758923,8832.93142551742
194,-10.285259,40.193153,10,2015,3.58,1.33,5,1,20.39,"RDT",0.24,28.82,1155.41,99.16,54.24,15.63,"U",1289.59705274209,8854.16343973111
195,-10.301151,40.171748,10,2015,4.5,1,10,0,0,"RDT",0.29,27.68,1091.38,46.81,66.1,9.03,"U",1287.19597211105,8852.44641920335
196,-10.921834,38.117584,11,2015,4.08,0.75,9,0,0,"RDT",0.29,30.6,773.47,0.97,64.57,0,"R",1059.90735956779,8787.91630246811
197,-11.142623,38.584472,11,2015,3.92,0.92,6,1,17.14,"RDT",0.3,31.68,795.55,0.41,63.92,0,"R",1110.67526343948,8762.48577041843
198,-10.710143,39.013787,10,2015,4.5,0.67,8,4,52.35,"RDT",0.36,29.62,965.7,0.41,65.37,0,"R",1158.73708072172,8809.62764641068
199,-10.719482,38.797246,10,2015,3.67,2.5,3,0,0,"RDT",0.3,30.76,840.16,14.01,62.07,10.45,"U",1134.92055897119,8809.04755232761
200,-10.892601,37.445228,12,2015,3.42,1,6,1,17.29,"RDT",0.3,29.96,829.58,2.31,65.03,0,"R",986.244933405142,8792.32595862024
201,-11.441465,37.355138,12,2015,4.75,0.67,12,8,68.98,"RDT",0.36,30.6,866.32,0.16,63.13,0,"R",975.474833134862,8731.61709065147
202,-11.170356,37.116584,12,2015,4.42,0.92,9,6,68.57,"RDT",0.35,27.71,1019.12,0.11,63.85,0,"R",949.811727179753,8762.04967736965
203,-10.686862,37.028005,12,2015,4.17,0.42,8,4,53.62,"RDT",0.32,29.09,926.44,0.12,65.02,0,"R",940.833200966344,8815.76695584601
204,-11.036864,37.325021,12,2015,4.83,0.5,9,1,11.6,"RDT",0.25,28.48,841.57,36.7,64.18,8.64,"U",972.842201256225,8776.52312959014
205,-10.786543,35.593654,12,2015,4.92,0.5,14,3,22.38,"RDT",0.33,24.73,1034.44,0.32,64.7,0,"R",783.6333388438,8806.42037579035
215,-10.442193,36.116005,12,2015,4.5,1,12,2,17.07,"RDT",0.33,27.45,850.52,0.57,62.52,0,"R",841.18656355476,8844.01368952245
216,-10.519176,36.157693,12,2015,4.83,1.17,16,7,44.5,"RDT",0.26,27.25,822.29,0.37,63.21,0,"U",845.669966048753,8835.44437787891
217,-10.543561,35.838112,12,2015,4.33,1.33,11,2,18.41,"RDT",0.32,25.82,962.27,0.65,63.97,0,"R",810.632826450888,8833.07985529045
218,-10.520284,35.691752,12,2015,4.17,1.17,8,2,25.43,"RDT",0.32,25.87,915.89,0.28,64.86,0,"R",794.624410059418,8835.79786295374
223,-8.029692,35.30082,12,2015,4.67,1.17,10,0,0,"RDT",0.27,21.73,952.05,0.14,49.87,0,"R",753.596062186368,9111.70810593478
226,-8.749135,35.225801,12,2015,4,0.67,7,0,0,"RDT",0.37,20.11,1238.13,0.23,49.22,0,"R",744.872022207526,9032.15881860446
227,-8.588167,35.151123,12,2015,4.92,0.58,11,0,0,"RDT",0.25,20.17,1325.22,7.42,48.45,0,"U",736.753349213199,9050.01451633297
228,-8.685917,34.927271,12,2015,4.67,1.42,12,0,0,"RDT",0.27,22.96,926.54,0.94,49.94,0,"R",712.052019327081,9039.33292614433
229,-8.297536,35.021865,12,2015,4.92,0.5,12,0,0,"RDT",0.31,23.63,963.82,0.21,51.81,0,"R",722.687946556937,9082.24164065673
230,-8.248201,35.460093,12,2015,4.83,1,18,0,0,"RDT",0.34,20.26,1229.23,0.11,47.17,0,"R",771.014149918096,9087.42790029537
231,-8.342775,35.818185,12,2015,3.58,2.5,3,0,0,"RDT",0.39,19.68,1266.89,0.66,52.03,0,"R",810.417497581924,9076.6991704433
232,-7.747101,35.711098,9,2015,4.83,0.67,11,0,0,"RDT",0.22,25.53,677.25,41.41,52.1,13.74,"U",799.050299699682,9142.70608117205
233,-7.785327,35.700875,9,2015,4.75,0.75,6,0,0,"RDT",0.35,25.53,677.25,17.92,39.11,15.15,"U",797.894861056946,9138.4828163517
234,-7.752693,35.687136,9,2015,4.92,0.5,24,0,0,"RDT",0.3,25.53,677.25,8.01,39.11,17.38,"U",796.401341454963,9142.10403351798
240,-8.291186,35.306461,9,2015,4.08,0.83,7,0,0,"RDT",0.23,20.86,996.52,19.32,48.6,9.88,"U",754.052730065483,9082.77317205467
241,-8.046694,33.219542,11,2015,4.83,0.58,15,0,0,"RDT",0.29,27.55,972.14,0.72,57.23,0,"R",524.190646464455,9110.53356147544
242,-8.445961,33.008562,11,2015,4.5,0.58,11,0,0,"RDT",0.28,31.78,683.95,20.6,59.88,0.96,"U",500.942471707688,9066.39991912603
243,-8.227237,33.264655,11,2015,4.25,0.58,13,0,0,"RDT",0.3,27.92,831.34,0.27,57.2,0,"R",529.148488693851,9090.57097418013
244,-8.99186,33.452672,11,2015,3.42,0.67,10,0,0,"RDT",0.31,24.3,993.55,1.19,48.96,0,"R",549.756591813116,9006.0170375292
245,-8.797746,33.503419,11,2015,4.75,0.5,12,0,0,"RDT",0.33,25.92,1070.73,0.85,50.02,0,"R",555.363864690359,9027.47113879723
246,-9.473875,33.890297,11,2015,4.58,0.5,14,0,0,"RDT",0.39,26.7,1320.47,3.8,54.37,0,"R",597.729163544305,8952.63185504721
247,-9.607482,33.862968,11,2015,4.58,0.92,7,0,0,"RDT",0.44,28.54,1533.19,13.77,55.94,3.59,"U",594.692117766616,8937.86615417153
248,-9.329726,33.895632,11,2015,4.58,1.33,7,2,28.92,"RDT",0.37,25.75,1291.69,0.58,52.48,0,"R",598.355543570413,8968.56927436869
249,-9.188313,33.515829,12,2015,4,1.33,12,0,0,"RDT",0.4,23.14,1520.8,1.1,47.38,0,"R",556.667927846999,8984.28762214099
250,-9.522775,33.523967,10,2015,4.83,1.33,7,0,0,"RDT",0.38,23.72,1509.15,1.22,53.13,0,"R",557.507000350927,8947.3069390567
251,-8.892716,32.725995,10,2015,4.92,0.5,20,0,0,"RDT",0.23,27.87,1130.16,1.81,56.74,0,"R",469.874086947417,9016.99767275307
252,-8.933396,33.082291,10,2015,4.58,0.58,14,0,0,"RDT",0.29,27.81,1051.03,0.67,51.34,0,"R",509.046583256296,9012.51035323308
253,-9.223772,32.873811,9,2015,4,0.83,10,0,0,"RDT",0.26,29.08,1013.29,1.47,54.06,0,"R",486.13868191685,8980.40561626015
254,-9.127607,32.941136,9,2015,4.92,0.83,10,0,0,"RDT",0.28,26,1206.24,6.87,53.91,2.08,"U",493.532305283875,8991.03937244998
255,-8.771441,33.810699,12,2015,4.92,0.5,15,0,0,"RDT",0.24,29.24,822.66,1.09,52.01,0,"R",589.16524193831,9030.32031360261
256,-8.8923,33.456683,9,2015,4.25,0.67,4,0,0,"RDT",0.16,23.06,893.5,56.15,48.6,23.24,"U",550.211117523523,9017.02386738993
257,-8.912017,33.489798,9,2015,4.83,0.5,9,0,0,"RDT",0.2,24.08,893.5,74.17,48.6,14.83,"U",553.84922464814,9014.83929722618
258,-8.905013,33.460376,9,2015,3.58,0.83,6,0,0,"RDT",0.12,24.47,893.5,141.06,48.6,21.16,"U",550.615414658868,9015.61781541267
259,-8.562752,32.396496,10,2015,4.67,0.5,18,0,0,"RDT",0.3,30.61,833.5,0.22,57.69,0,"R",433.587554711685,9053.43610047928
260,-9.253999,32.843002,10,2015,4.58,1,6,0,0,"RDT",0.2,29.37,949.74,17.14,54,0.06,"U",482.755908879296,8977.06240703725
262,-4.116973,34.334237,12,2015,4.58,0.58,11,0,0,"RDT",0.27,28.15,760.24,0.78,54.55,0,"R",648.099953962346,9544.81911235793
263,-4.388628,34.40247,12,2015,4.58,0.75,16,0,0,"RDT",0.22,28.58,734.04,0.38,50.2,0,"R",655.62073607133,9514.76946408312
273,-4.78944,34.761954,12,2015,4.92,0.5,17,0,0,"RDT",0.09,26.93,600.01,2.06,44.14,7.75,"U",695.411907991356,9470.35968117894
274,-4.822108,34.737328,12,2015,3.17,0.75,3,0,0,"RDT",0.25,26.44,612.35,21.13,44.88,18.2,"U",692.670710520224,9466.75395065352
290,-5.402389,33.67882,12,2015,4.92,0.42,30,4,14.03,"RDT",0.32,29.72,993.16,0.36,61.47,0,"R",575.204115072935,9402.81401125164
291,-4.940445,32.633785,12,2015,4.83,0.67,20,2,10.35,"RDT",0.33,30.42,1095.16,0.49,67.12,0,"R",459.399555758567,9453.90764181781
296,-6.260185,33.86394,12,2015,4.92,0.5,37,5,14.11,"RDT",0.25,28.6,778.41,0.32,63.85,0,"R",595.56899912552,9307.95530580175
297,-5.007246,32.820253,12,2015,4.08,1.25,5,0,0,"RDT",0.25,29.97,968.91,58.94,52.61,17.08,"U",480.074450491357,9446.53201322931
298,-5.069385,32.805101,12,2015,4.08,0.5,13,0,0,"RDT",0.31,30.54,1036.59,0.71,69.02,2.63,"U",478.39684697521,9439.66273602888
299,-4.937137,32.745899,12,2015,4.67,0.58,16,1,6.51,"RDT",0.3,30.2,1065.87,1.35,67.2,0,"R",471.82903899909,9454.2791006522
302,-8.180952,31.498729,9,2015,4.92,0.5,23,0,0,"RDT",0.28,24.9,1205.12,0.62,51.55,0,"R",334.616643725057,9095.38916333346
303,-8.539429,31.906491,11,2015,4.75,0.42,18,0,0,"RDT",0.28,27.83,1096.47,0.26,55.56,0,"R",379.65287066203,9055.89609782652
304,-8.790064,31.754375,11,2015,4.83,0.75,18,0,0,"RDT",0.26,26.49,1138.82,0.29,57.77,0,"R",363.000010533756,9028.13003143358
305,-8.381169,31.596398,9,2015,4,0.58,25,0,0,"RDT",0.28,24.56,1133.13,0.41,54.69,0,"R",345.45636722927,9073.2869761101
306,-7.854325,31.819244,11,2015,4.67,0.92,23,0,0,"RDT",0.36,28.92,917.34,1.69,57.99,0,"R",369.826946981678,9131.62337326342
307,-8.22945,31.866744,10,2015,4.92,0.58,22,0,0,"RDT",0.3,24.67,1039.75,1.4,55.06,0,"R",375.179072239948,9090.1592451219
308,-8.059425,31.818424,10,2015,4.75,0.75,21,0,0,"RDT",0.26,24.18,1038.51,0.57,56.59,0,"R",369.80128381708,9108.94437434409
309,-8.317869,32.374572,11,2015,4.75,1,15,0,0,"RDT",0.27,30.82,759.22,0.49,57.77,0,"R",431.131462667258,9080.50658792071
310,-8.37629,32.048961,10,2015,4.75,0.42,19,0,0,"RDT",0.35,30.03,1104.88,0.25,54.63,0,"R",395.289984180144,9073.97571990389
311,-8.564428,32.056434,10,2015,3.25,1.42,8,0,0,"RDT",0.28,27.32,955.09,1.72,56.03,0,"U",396.163303770544,9053.17555201899
312,-7.331398,31.0602,11,2015,4.42,0.92,9,0,0,"RDT",0.31,26.19,994.07,0.26,61.97,0,"R",285.861966980843,9189.15327087637
313,-7.633326,31.020757,11,2015,4.75,0.67,15,0,0,"RDT",0.31,24.75,975.08,0.19,59.89,0,"R",281.656406598073,9155.73707516247
314,-8.16845,30.950238,11,2015,3.92,0.5,13,4,32.67,"RDT",0.34,26.71,1231.67,1.52,56.25,0,"R",274.165039192464,9096.50551344976
315,-7.474073,30.607437,11,2015,4.17,0.75,9,3,34.67,"RDT",0.32,29.37,807.01,0.92,64.72,0,"R",235.939991703908,9173.12599607395
316,-7.517651,31.024607,11,2015,4.75,0.5,21,3,14.92,"RDT",0.3,25.84,933.96,1.22,61.77,0,"U",282.023109484714,9168.53420745125
317,-7.953851,31.603034,9,2015,4.75,0.58,8,0,0,"RDT",0.28,24.81,1007.21,43.75,53.4,11.16,"U",346.023448714117,9120.54420300657
318,-7.963247,31.620489,9,2015,3.17,0.83,7,0,0,"RDT",0.26,24.81,952.1,49.41,55.46,10.99,"U",347.951202489832,9119.51162412638
319,-7.977008,31.643558,9,2015,4.92,0.58,22,0,0,"RDT",0.24,24.58,952.1,15.9,55.46,5.71,"U",350.499312544498,9117.99832714409
320,-8.020034,31.685501,9,2015,4.92,0.92,18,0,0,"RDT",0.26,24.48,987.47,1.39,55.44,0,"R",355.138062779762,9113.25548318472
321,-7.97246,31.449262,9,2015,4.92,0.75,19,0,0,"RDT",0.34,25.01,1144.95,1.72,57.28,0,"R",329.078282480242,9118.42586562031
322,-7.971038,31.619437,9,2015,4.92,1.33,12,0,0,"RDT",0.25,24.81,952.1,23.19,55.46,9.35,"U",347.8381079368,9118.64968922626
323,-3.594983,30.72088,11,2015,4.67,1.08,10,0,0,"RDT",0.3,26.76,1145.23,17.88,71.29,4.44,"U",246.82002332304,9602.32526201849
324,-3.713443,30.564743,11,2015,4.83,1.17,15,9,61.04,"RDT",0.3,27.24,1325.85,1.11,69.34,0,"R",229.500696059228,9589.17472421614
325,-3.813695,30.487883,12,2015,4.75,0.5,16,5,32.63,"RDT",0.33,26.77,1416.25,0.72,70.07,0,"R",220.989934538132,9578.05884507215
326,-3.632287,30.624211,11,2015,4.58,0.83,16,11,71.1,"RDT",0.31,26.66,1250.67,1.58,69.96,0,"R",236.086146982282,9598.17095857379
327,-4.309203,30.187233,9,2015,4.83,0.67,19,1,5.45,"RDT",0.29,27.11,1417.64,1.08,65.69,0,"R",187.763497227604,9523.11835750976
328,-4.81963,30.336719,9,2015,4.92,0.5,36,17,49.31,"RDT",0.35,27.42,1270.88,0.21,62.91,0,"R",204.578796631337,9466.69627991825
329,-4.493844,29.752603,11,2015,4.83,1,16,0,0,"RDT",0.43,24.44,1694.98,2.81,60.75,0,"R",139.55756130243,9502.48402014246
330,-4.796144,29.71796,10,2015,4.83,0.58,12,9,78.11,"RDT",0.34,28.08,1272.37,1.47,57.35,0,"R",135.863657198131,9468.99683997201
331,-4.884782,29.661311,9,2015,4.67,0.83,8,0,0,"RDT",0.28,27.23,1097.55,71.24,52.33,11.45,"U",129.619857985104,9459.15201584657
332,-4.906193,29.673511,9,2015,4.67,0.58,29,1,3.59,"RDT",0.23,24.79,1176.37,100.34,52.33,8.76,"U",130.986547248494,9456.78803974114
333,-4.892419,29.651109,9,2015,4.75,2.17,10,0,0,"RDT",0.22,27.23,1097.55,90.77,48.65,14.04,"U",128.491029623542,9458.30076649577
334,-6.015062,29.825212,10,2015,4.92,0.67,15,2,13.8,"RDT",0.37,28.25,1261.38,0.84,50.76,0,"R",148.480504754816,9334.10911321545
335,-5.089876,29.871753,10,2015,4.92,1,26,12,47.28,"RDT",0.35,27.1,1314.18,0.83,55.28,0,"R",153.097099062889,9436.56012542399
336,-5.026522,30.074706,10,2015,4.92,0.58,35,18,53.56,"RDT",0.36,26.9,1276.81,0.51,57.27,0,"R",175.591783787559,9443.67792356824
337,-5.181297,30.994416,10,2015,4.92,0.58,34,20,61.26,"RDT",0.3,27.48,968.89,0.77,65.75,0,"R",277.689576717403,9426.94386825962
338,-4.46377,29.944746,11,2015,4.58,0.58,17,2,12.25,"RDT",0.22,25.38,1582.11,3.2,59.88,0,"R",160.891208914579,9505.90510065353
339,-4.385316,29.826545,11,2015,4.83,0.5,22,11,52.22,"RDT",0.36,26.22,1757.56,8.82,61.82,0,"R",147.721584843445,9514.53477997706
340,-3.195455,30.868747,12,2015,4.83,0.83,18,1,5.7,"RDT",0.36,25.92,1043.92,1.32,66.74,0,"R",263.156519314598,9646.55690676985
341,-3.481601,30.681312,12,2015,4.5,0.67,7,5,74.78,"RDT",0.32,25.96,1148.35,1.89,68.58,0,"R",242.390822360855,9614.85704847265
342,-4.672216,30.137686,9,2015,4.83,0.5,27,5,19.34,"RDT",0.31,27.57,1340.77,2.3,60.01,0,"R",182.416202413002,9482.92169999186
343,-4.555658,30.119947,9,2015,4.92,0.58,20,0,0,"RDT",0.24,27.5,1334.3,29.79,61,4.35,"U",180.394148250498,9495.81384235273
344,-3.678012,33.416342,9,2015,4.92,0.5,12,0,0,"RDT",0.3,30.82,806.36,24.42,61.51,14.83,"U",546.234061499493,9593.45278523039
345,-3.664316,33.442678,9,2015,4.83,0.67,14,0,0,"RDT",0.29,31.66,798.81,19.88,61.51,9.79,"U",549.159434250509,9594.96530574407
346,-3.438095,33.431715,11,2015,4.92,0.5,29,2,7.2,"RDT",0.25,31.14,834.38,0.84,69.9,0,"R",547.953639537346,9619.9717898407
347,-3.607152,33.74943,11,2015,4.83,0.42,29,0,0,"RDT",0.21,31.85,738.27,0.84,66.82,0,"R",583.231057741402,9601.26178958217
348,-3.75021,33.7787,11,2015,4.92,0.5,32,2,6.53,"RDT",0.21,31.62,709.86,0.29,66.36,0,"R",586.468164160638,9585.44474257253
349,-3.742628,32.996122,11,2015,4.67,0.5,23,0,0,"RDT",0.24,30.52,771.45,0.62,69.55,0,"R",499.569389850794,9586.32125047751
350,-3.396045,32.943685,11,2015,4.83,0.5,27,3,11.6,"RDT",0.27,30.41,822.8,0.99,69.85,0,"R",493.744480367917,9624.63039643288
351,-3.806244,33.326668,11,2015,4.58,0.67,22,3,14.28,"RDT",0.26,31.56,868.12,1.66,67.55,0,"R",536.270521374311,9579.28260220758
352,-3.509063,33.125935,11,2015,4.92,0.5,36,1,2.9,"RDT",0.26,30.21,828.64,1,69.55,0,"R",513.987325774978,9612.13729794931
353,-3.240659,32.480338,10,2015,4.25,0.5,4,0,0,"RDT",0.29,28.62,947.07,3.83,67.02,8.55,"U",442.265689384559,9641.79117726782
354,-3.358258,32.423788,10,2015,4.83,0.42,32,10,32.87,"RDT",0.29,27.95,977.18,0.79,68.38,0,"R",435.990322325947,9628.78846782396
355,-3.657231,32.616021,10,2015,4.58,0.5,25,4,16.71,"RDT",0.23,29.88,795.61,0.97,68.72,0,"R",457.358865093426,9595.75146620283
356,-4.046877,32.644121,9,2015,4.67,0.58,26,14,56.08,"RDT",0.29,29.84,842.27,0.97,68.21,0,"R",460.497403670846,9552.68237865697
357,-4.011328,32.376701,9,2015,4.58,0.58,15,4,27.77,"RDT",0.28,29.6,851.65,1.23,67.82,0,"R",430.809842541024,9556.59413639575
358,-3.963731,32.065757,10,2015,4.92,0.5,27,10,38.68,"RDT",0.29,29.04,879.99,1.21,67.01,0,"R",396.28456973281,9561.82316401865
359,-4.177767,32.037323,10,2015,4.83,0.58,29,14,50.28,"RDT",0.3,29.35,972.35,0.56,65.88,0,"R",393.155889011616,9538.15761644603
360,-3.817051,32.57825,9,2015,3.33,0.5,11,0,0,"RDT",0.26,29.35,900.83,16.27,69.82,12.04,"U",453.172773022648,9578.08344144331
361,-3.874629,32.696922,9,2015,4.75,0.67,22,1,4.7,"RDT",0.23,29.95,830.25,0.88,69.5,8.15,"R",466.351421208208,9571.72451452234
362,-3.837532,32.618106,9,2015,4.42,0.5,10,0,0,"RDT",0.26,29.35,857.06,21.1,70.26,11.02,"U",457.599091409358,9575.8215901839
363,-3.879879,32.437191,9,2015,4.42,0.5,10,4,42.47,"RDT",0.3,29.29,805.01,0.64,68.68,0,"R",437.515023012274,9571.12945266645
367,-1.452448,31.786564,12,2015,4.92,0.58,16,0,0,"RDT",0.43,22.39,2229.14,4.29,59.82,0,"R",365.007899855276,9839.42427320747
368,-1.480893,31.414392,12,2015,4.58,0.75,15,11,76.27,"RDT",0.34,25.07,1312.08,1.03,58.57,0,"R",323.597425413337,9836.2533688754
372,-1.799074,31.532477,12,2015,4.58,0.58,15,0,0,"RDT",0.42,23.95,1406.47,6.6,61.8,0,"U",336.763455206039,9801.08197043154
373,-1.759844,31.552635,12,2015,4.92,0.5,12,0,0,"RDT",0.44,23.01,1406.47,4.37,61.22,0,"R",339.002763418354,9805.42128805556
379,-1.329993,31.821584,12,2015,4.42,0.75,12,0,0,"RDT",0.31,23.53,2082.17,60.76,58.86,12.47,"U",368.897597696981,9852.96425112032
380,-1.305566,31.794996,12,2015,4.5,0.58,10,1,10.56,"RDT",0.35,23.53,1825.03,2.59,55.63,10.51,"U",365.937860796505,9855.66335506984
385,-2.100635,33.100736,10,2015,4.67,0.67,17,1,6.09,"RDT",0.32,24.95,1284.06,7.82,74.21,2.77,"U",511.201917992022,9767.81531126239
386,-2.103719,32.883628,10,2015,4.75,0.58,14,3,22.32,"RDT",0.31,20.85,1430.75,6.7,71.63,0,"R",487.059370356344,9767.47431053817
387,-2.030341,33.079582,10,2015,4.92,0.5,30,13,45.25,"RDT",0.32,23.51,1510.33,3.86,71.51,0,"R",508.849964723798,9775.58515488827
388,-2.491431,33.161905,9,2015,4.92,0.5,22,6,28.48,"RDT",0.31,23.1,1182.83,2.62,74.79,0,"R",517.999080865614,9724.6191689981
389,-2.735441,33.613908,10,2015,4.83,0.5,24,3,13.05,"RDT",0.31,29.99,1155.2,2.69,64.43,0,"R",568.236579578441,9697.63182744574
390,-2.548339,32.925628,9,2015,4.92,0.5,16,0,0,"RDT",0.31,26.67,1168.34,7.91,71.58,13.89,"U",491.732385583365,9718.32986992979
391,-2.504623,32.901925,9,2015,4.92,0.83,13,1,7.89,"RDT",0.25,26.11,1329.15,100.56,61.58,0,"U",489.097058452127,9723.16172650339
392,-2.588495,33.006642,9,2015,4.17,0.42,22,5,24.37,"RDT",0.32,27.47,1109.23,2.75,72.9,0,"U",500.738339224158,9713.8915725382
393,-2.804934,33.436446,11,2015,4.67,0.5,26,2,8.03,"RDT",0.28,29.39,1099.71,2,66.41,0,"R",548.508186303974,9689.95898856419
394,-3.283265,33.028655,11,2015,4.67,0.5,33,3,9.49,"RDT",0.2,30.52,926.07,0.75,68.19,0,"R",503.183385366559,9637.09653639887
395,-2.963811,33.362471,11,2015,4.58,0.58,24,7,30.38,"RDT",0.27,30.34,1037.83,3.53,70.29,0,"U",540.280625597188,9672.40031296119
396,-2.544027,32.660677,11,2015,4.67,0.5,20,1,5.22,"RDT",0.33,25.7,1252.53,1.14,72.14,0,"R",462.278589959342,9718.80176548468
397,-2.472738,32.539562,11,2015,4.58,0.5,17,6,36.86,"RDT",0.38,23.45,1383.88,1.64,72.6,0,"R",448.811614059125,9726.67757757015
398,-2.253421,32.034141,11,2015,3.92,1.33,4,0,0,"RDT",0.56,22.19,1484.68,0.93,70.3,0,"R",392.60152675438,9750.89238802919
399,-2.163879,32.151948,11,2015,4.83,0.92,18,0,0,"RDT",0.28,21.46,1368.19,1.12,69.88,0,"R",405.696429698905,9760.79885985529
400,-2.489567,32.915538,9,2015,4.33,0.75,13,0,0,"RDT",0.29,26.11,1329.15,102.4,74.05,23.12,"U",490.610302165147,9724.8260057587
401,-2.49644,32.908949,9,2015,4.83,0.42,21,0,0,"RDT",0.18,26.11,1329.15,161.64,61.58,32.8,"U",489.87785048176,9724.06626862259
402,-2.474974,32.922839,9,2015,4.33,1.17,9,0,0,"RDT",0.27,26.11,1168.34,20.26,74.05,15.61,"U",491.4218657227,9726.43905229713
403,-2.67319,33.156241,10,2015,4.92,0.5,28,4,14.92,"RDT",0.28,29.1,1114.56,1.41,71.82,0,"R",517.36694051793,9704.52892976925
404,-2.95161,32.971528,10,2015,4.83,0.58,18,7,40.5,"RDT",0.29,29.9,1050.43,0.78,69.17,0,"R",496.83595406804,9673.75547365571
405,-1.261,34.369183,9,2015,4.58,0.5,23,11,49.95,"RDT",0.35,24.82,1418.49,1.62,63.77,0,"R",652.333719892479,9860.58132457774
406,-1.429925,34.762784,9,2015,4.67,0.67,20,1,5.17,"RDT",0.34,24.47,1316.99,2,58.42,0,"R",696.124162527777,9841.87468871704
407,-1.344074,34.407788,9,2015,4.83,0.92,15,0,0,"RDT",0.34,25.19,1488.31,3.09,65.03,1.3,"R",656.624594067875,9851.39402411685
408,-1.497471,34.5086,9,2015,4.83,0.5,36,3,8.7,"RDT",0.34,27.25,1175.55,2.37,64.18,7.28,"U",667.831959263634,9834.42633201403
409,-1.381592,34.576353,9,2015,4.83,0.92,23,0,0,"RDT",0.36,23.6,1397.72,2.46,62.33,0,"R",675.380219575106,9847.23409451944
410,-2.124253,34.66129,12,2015,4.42,1.08,13,1,7.85,"RDT",0.27,28.7,913.97,0.05,58.98,0,"R",684.759788697209,9765.10583161873
411,-1.627655,34.599284,12,2015,4.92,0.5,32,11,35.9,"RDT",0.3,27.79,1177.34,1.41,62.02,0,"R",677.912167468586,9820.02419022764
412,-1.80693,33.436277,11,2015,4.5,1,10,1,10.24,"RDT",0.28,22.16,1183.19,2.69,70.04,0,"R",548.523199971047,9800.27345381649
413,-1.702519,33.585981,10,2015,4.83,0.58,30,3,10.41,"RDT",0.28,26.48,1454.82,3.53,68.87,0,"R",565.17756410869,9811.81003784536
414,-2.051027,33.996688,11,2015,4.92,0.58,17,4,24.5,"RDT",0.26,28.7,1197.81,0.57,71.57,0,"R",610.841456831455,9773.26441271042
415,-2.02527,33.877947,11,2015,4.17,0.5,15,0,0,"RDT",0.31,27.62,1158.98,18.26,74.43,8.16,"U",597.636739625125,9776.11943978897
416,-2.09346,33.218919,11,2015,4.92,0.5,30,4,13.92,"RDT",0.33,23.75,1261.35,4.12,72.41,0,"R",524.344113099476,9768.60703704786
417,-2.010726,33.857268,11,2015,4.75,1,24,0,0,"RDT",0.31,27.2,1172.81,11.19,74.57,8.93,"R",595.337694769217,9777.72842038554
418,-1.504125,33.809676,10,2015,4.58,0.75,12,0,0,"RDT",0.22,25.43,886.56,81.81,53.66,14.25,"U",590.068844626651,9833.73190516662
419,-1.531703,33.796397,9,2015,4.83,0.75,22,0,0,"RDT",0.27,25.43,886.56,27.97,53.66,8.43,"U",588.590461716935,9830.68393353442
420,-1.497314,33.777449,10,2015,4.92,0.83,25,3,12.3,"RDT",0.25,25.43,886.56,30.58,63.68,10.39,"U",586.483935562145,9834.48610367057
421,-1.219,33.999455,11,2015,4.75,0.5,20,11,57.44,"RDT",0.31,27.76,1287.79,1.47,65.65,0,"R",611.194989154155,9865.24303594148
422,-1.217325,34.24502,11,2015,4.5,1.08,17,5,30.02,"RDT",0.34,25.23,1572.25,0.93,63.94,0,"R",638.519461041282,9865.41683133102
423,-1.460481,33.994683,11,2015,4.83,0.5,18,2,11.6,"RDT",0.41,26.87,1575.62,0.54,66.86,0,"R",610.653186856696,9838.54813420884
424,-1.799206,34.143533,10,2015,4.83,0.5,18,7,40.61,"RDT",0.21,26.33,1339.66,1.44,69.84,0,"R",627.192763505527,9801.09316600639
425,-1.713962,33.796311,10,2015,4.75,0.42,26,14,56.64,"RDT",0.3,27.53,1241.27,0.62,71.65,0,"R",588.572964113209,9810.53672323523
426,-3.946076,35.742724,9,2015,4.75,0.83,18,0,0,"RDT",0.31,30.09,657.46,0.27,49.13,0,"R",804.593822445049,9563.33112124921
427,-4.416477,35.668985,9,2015,4,0.67,11,0,0,"RDT",0.26,25.62,624.67,0.87,52.79,0,"R",796.221805506277,9511.30531214642
428,-4.272006,35.255059,9,2015,4.92,0.58,22,0,0,"RDT",0.2,24.24,693,0.36,43.45,0,"R",750.303422893608,9527.43913279803
429,-3.970333,35.762833,9,2015,4.92,0.92,12,0,0,"RDT",0.27,30.09,678.93,0.59,48.5,1.54,"R",806.819810737282,9560.63935901976
430,-4.400238,34.944249,11,2015,4.67,0.92,13,0,0,"RDT",0.23,27.96,598.14,0.95,43.86,0,"R",715.75398932298,9513.35096196448
431,-4.386591,35.417484,11,2015,4.25,0.67,16,0,0,"RDT",0.26,24.11,933.7,1.76,47.96,0,"R",768.301909659486,9514.70727053066
432,-4.473817,35.426367,11,2015,4.83,0.92,17,0,0,"RDT",0.44,20.43,582.37,0.62,48.85,0,"R",769.256778792346,9505.05380152248
433,-4.536651,35.384257,11,2015,4.17,0.5,14,0,0,"RDT",0.25,26.3,530.62,3.72,48.13,2.13,"U",764.558339463611,9498.11766301703
434,-3.928515,35.505395,12,2015,4.33,0.58,17,0,0,"RDT",0.48,19.46,1027.56,0.36,45.75,0,"R",778.225478460608,9565.35726758859
435,-3.736615,35.418004,12,2015,4.92,0.58,27,0,0,"RDT",0.22,25.32,650.49,0.18,47.32,0,"R",768.574731166086,9586.61639796902
436,-4.030431,35.319053,12,2015,4.83,0.67,15,0,0,"RDT",0.27,23.89,685.88,1.12,42.84,0,"R",757.488681890183,9554.14249461905
437,-3.880949,35.525408,12,2015,4.83,0.92,11,0,0,"RDT",0.32,22.76,994.09,2.63,45.24,0,"U",780.465170448372,9570.61338925097
440,-5.317887,36.508608,12,2015,4.83,0.83,19,0,0,"RDT",0.24,25.9,544.6,0.23,52.6,0,"R",888.991583163667,9411.09187521148
441,-5.48361,37.256766,12,2015,4.67,0.83,22,0,0,"RDT",0.29,25.54,660.84,0.11,47.62,0,"R",971.947469514432,9392.20011148488
442,-5.562217,36.49262,12,2015,4.92,0.5,18,0,0,"RDT",0.22,26.88,628.99,0.6,54.8,0,"R",887.060282296265,9384.0440089959
443,-5.525649,36.594775,12,2015,4.67,0.83,13,0,0,"RDT",0.26,28.08,656.76,0.28,51.89,0,"R",898.420402756338,9388.0260800279
444,-4.237906,35.742628,10,2015,4.42,0.58,12,0,0,"RDT",0.27,19.99,739.57,4.71,50.11,2.03,"U",804.472756937165,9531.03666151807
445,-4.223267,35.756482,10,2015,3.75,0.58,9,0,0,"RDT",0.27,19.99,688.94,10.38,50.11,7.2,"U",806.017691813156,9532.65120316365
446,-9.370375,34.7949,9,2015,4.83,1.5,8,0,0,"RDT",0.27,18.96,1060.56,7.9,51.1,4.43,"U",697.110590146717,8963.69697279833
447,-9.59105,34.889192,9,2015,3.92,0.58,9,0,0,"RDT",0.41,18.95,1306.5,0.61,54.33,0,"R",707.336322241752,8939.23223541149
448,-9.489165,34.790623,9,2015,4.83,0.58,11,0,0,"RDT",0.37,17.94,1287.23,0.7,52.87,0,"U",696.573455769037,8950.55985040947
449,-8.716546,34.828461,10,2015,4.92,0.83,23,0,0,"RDT",0.26,24.12,729.49,0.29,51.3,0,"R",701.16023791535,9035.99891476595
450,-8.947707,34.629757,10,2015,4.92,0.5,9,0,0,"RDT",0.27,24.7,716.64,0.41,52.28,0,"R",679.181891217455,9010.53274555671
451,-9.080926,34.658622,9,2015,4.58,1.08,12,0,0,"RDT",0.27,23.02,859.09,0.48,51.08,0,"R",682.289416151217,8995.78433101236
453,-9.131887,34.518206,9,2015,4.58,0.75,8,0,0,"RDT",0.29,22.55,1004.56,0.66,51.4,0,"R",666.829859806145,8990.21585793109
454,-9.40945,34.232606,11,2015,4,0.67,7,0,0,"RDT",0.37,20.67,1283.82,0.34,52.39,0,"R",635.334807905817,8959.64163959735
455,-9.138061,34.002296,11,2015,4.92,0.58,11,0,0,"RDT",0.34,19.15,1492.18,0.12,51.16,0,"R",610.129631545535,8989.73113377225
456,-9.028843,34.011148,11,2015,3.75,1.83,5,0,0,"RDT",0.37,22.16,1283.8,0.22,51.15,0,"R",611.136012642161,9001.80511052259
457,-9.251258,34.886754,10,2015,4.58,1,9,0,0,"RDT",0.32,18.47,1084.05,0.36,51.84,0,"R",707.271342274433,8976.82045446098
458,-9.282202,35.299421,10,2015,4.92,0.75,14,0,0,"RDT",0.42,19.86,1498.26,0.21,53.24,0,"R",752.604331046141,8973.13020030065
459,-9.781039,34.515676,11,2015,4.08,1.17,14,0,0,"RDT",0.33,22.74,912.46,2.67,55.91,0,"U",666.239676472494,8918.42284325183
460,-9.8031,34.59013,11,2015,4.58,1.25,8,0,0,"RDT",0.34,20.63,966.17,0.43,56.97,0,"R",674.39623038944,8915.94522183077
461,-9.905375,35.102767,11,2015,4.92,0.58,16,0,0,"RDT",0.36,23.92,1102.92,1.02,58.39,0,"R",730.569208627882,8904.32149070877
462,-9.842774,34.386516,11,2015,4.92,0.5,12,1,8.7,"RDT",0.38,21.63,1143.59,0.59,57.83,0,"R",652.042472028211,8911.65636105913
463,-8.844554,34.815911,9,2015,4.5,0.83,7,0,0,"RDT",0.18,23.19,830.72,13.99,49.5,11.17,"U",699.710564950808,9021.84670735358
464,-8.852609,34.817221,9,2015,3.67,0.75,12,0,0,"RDT",0.19,22.21,830.72,20.08,49.5,11.17,"U",699.850334423466,9020.95504371027
465,-8.839894,34.949787,9,2015,4.58,0.5,12,0,0,"RDT",0.3,21.54,1056.79,0.57,49.69,0,"R",714.441965597745,9022.28773935606
466,-6.386577,30.986436,12,2015,4.58,0.5,22,1,4.75,"RDT",0.29,29.72,1263.24,1.74,56.64,0,"R",277.277011098286,9293.62659267305
467,-6.347639,31.071591,12,2015,4.92,0.67,14,0,0,"RDT",0.2,29.48,1191.05,101.73,55.92,9.01,"U",286.683608012018,9297.96940913292
468,-6.338598,31.067646,12,2015,4.92,0.42,13,1,8.09,"RDT",0.19,28.54,1191.05,99.7,55.92,10.74,"U",286.243330839141,9298.9677655308
469,-6.353393,31.051981,12,2015,4.83,1.92,9,0,0,"RDT",0.3,29.48,1191.05,4.19,55.92,9.26,"U",284.51596992316,9297.32486064616
470,-6.324554,31.094139,12,2015,4.17,0.5,11,0,0,"RDT",0.26,28.62,1185.69,8.49,56.77,7.26,"U",289.169351082149,9300.53192859667
471,-6.347238,31.089951,12,2015,4.92,0.92,17,1,6.01,"RDT",0.27,28.83,1191.05,11.17,56.46,3.33,"U",288.715130309045,9298.02128841638
487,-2.629216,34.196927,12,2015,4.92,0.67,39,9,23.88,"RDT",0.28,28.75,1014.14,1.3,55.55,0,"R",633.058441367145,9709.32682558373
488,-2.75414,34.008881,12,2015,4.92,0.5,49,2,4.26,"RDT",0.28,29.32,1084.56,2.36,59,0,"R",612.140196388523,9695.53498176318
489,-2.631985,33.739559,12,2015,4.75,0.5,27,11,42.55,"RDT",0.26,30.18,1118.8,0.82,64.41,0,"R",582.210456033039,9709.06015724466
490,-2.50123,33.968256,12,2015,4.92,0.5,29,7,25.21,"RDT",0.29,29.02,1141.51,2.98,62.27,0,"R",607.645827392619,9723.49747277184
491,-2.840584,33.986132,12,2015,4.83,0.58,15,0,0,"RDT",0.27,29.7,986.2,2.12,59.48,0,"R",609.603294767729,9685.98079151459
494,-2.911457,33.946808,12,2015,4.67,0.67,12,1,8.62,"RDT",0.29,29.81,962.39,4.58,60.54,0,"U",605.225738957104,9678.14958028039
507,-2.611232,31.96712,12,2015,4.75,0.58,16,11,71.6,"RDT",0.34,24.82,1437.93,3.66,71.13,0,"R",385.178623862937,9711.3312458318
508,-2.518685,32.005731,12,2015,4.67,0.75,26,14,56,"RDT",0.26,24.7,1458.48,4.54,71.91,0,"U",389.463357448546,9721.56568037264
509,-2.515115,32.021673,12,2015,4.75,0.67,18,6,34.49,"RDT",0.32,24.7,1396.87,4.75,71.91,0,"R",391.23556804475,9721.96167897307
510,-2.707106,32.390811,12,2015,4.92,0.67,35,22,65.04,"RDT",0.31,25.41,1331.69,0.87,69.99,0,"R",432.286381438728,9700.76421182462
511,-3.214846,32.386986,12,2015,4.92,0.75,32,18,57.91,"RDT",0.28,28.7,962.29,1.98,67.11,0,"R",431.892222190302,9644.63874794367
513,-2.967893,31.942312,12,2015,4.75,0.5,18,0,0,"RDT",0.33,24.92,1234.75,2.15,65.87,0,"R",382.455929622376,9671.89952613902
514,-3.006025,31.923091,12,2015,4.25,0.5,13,1,8.17,"RDT",0.24,25.72,1204.79,59.95,65.86,4.88,"U",380.323721331142,9667.68187323599
516,-2.873983,32.231216,12,2015,4.92,1.17,16,0,0,"RDT",0.18,26.36,1094.04,77.07,64.86,13.79,"U",414.557899672302,9682.30711013686
